,_algo,_code_bits,_ncodebooks,corr,dataset,err,norm_mean,rel_err
0,PQ,8,8,-0.8596559897440734,Mnist,2355243.344198396,True,-3.5105808747120077
1,PQ,8,8,-0.8381740259647186,Mnist,-899783.6954638438,True,-2.865664947486494
2,PQ,8,8,-0.9158318654036354,Mnist,966472.8707298908,True,-1.1312482764801226
3,PQ,8,8,-0.9255973810876073,Mnist,307743.40626628074,True,-1.5225324774731903
4,PQ,8,8,-0.8631284268425509,Mnist,-964622.0780800012,True,-1.2801805737771565
5,PQ,8,8,-0.9145169775337044,Mnist,-1201540.5485718863,True,-2.613076077368079
6,PQ,8,8,-0.818556569515066,Mnist,398719.0861602539,True,-1.3206793807249397
7,PQ,8,8,-0.8574287935118571,Mnist,635853.9823844535,True,-5.225877759475888
8,PQ,8,8,-0.7854256845839556,Mnist,-368065.1605212663,True,-1.4123872136561602
9,PQ,8,8,-0.8733345265913588,Mnist,839057.1904911252,True,0.3709919418874779
10,PQ,8,8,-0.9109194051891375,Mnist,65344.20631425921,True,-0.5754814281791008
11,PQ,8,8,-0.7776069684373991,Mnist,808703.8856729626,True,-3.3874700789817997
12,PQ,8,8,-0.9004002215008677,Mnist,1037716.2247408053,True,14.789184849677161
13,PQ,8,8,-0.8939231475304016,Mnist,1629712.5641640832,True,277.86256405962695
14,PQ,8,8,-0.8928311176294426,Mnist,871139.357148182,True,-1.3378299854924696
15,PQ,8,8,-0.8591013727889943,Mnist,-1167645.051570747,True,-1.796796342676776
16,PQ,8,8,-0.8828276389872826,Mnist,1987104.403936443,True,2.445317234274345
17,PQ,8,8,-0.8425091499202076,Mnist,122720.42889499517,True,-0.9272399613951108
18,PQ,8,8,-0.7010093871436656,Mnist,392865.23905859224,True,-2.7143375649570065
19,PQ,8,8,-0.8634473990285216,Mnist,490513.642794837,True,-2.7236521300884076
20,PQ,8,8,-0.9027337492926648,Mnist,-2527508.4559469926,True,-3.160124335521509
21,PQ,8,8,-0.8567383861088922,Mnist,-2477111.8673703265,True,-0.9097025371552383
22,PQ,8,8,-0.8150346231495875,Mnist,-2183082.319265887,True,-2.8587893394031942
23,PQ,8,8,-0.771790374262736,Mnist,-402349.6264648747,True,0.06003220453478332
24,PQ,8,8,-0.8777280309791657,Mnist,31872.438673610566,True,-1.3318032984979267
25,PQ,8,8,-0.8932142436892652,Mnist,1354714.6442606263,True,-1.2099222948756239
26,PQ,8,8,-0.8617646559286467,Mnist,-712338.4977885347,True,-2.2947184938369953
27,PQ,8,8,-0.8977881821894503,Mnist,1550902.710458449,True,-4.685443559250678
28,PQ,8,8,-0.9223257381226136,Mnist,2770462.947900739,True,-3.676010691103993
29,PQ,8,8,-0.8904867566730611,Mnist,-335618.90183449874,True,7.568373740767841
30,PQ,8,8,-0.865873648784425,Mnist,440397.8666232856,True,-4.336707131228328
31,PQ,8,8,-0.8997451112970254,Mnist,-1435103.936315597,True,14.9902263191937
32,PQ,8,8,-0.8706407560696572,Mnist,809550.5869728404,True,-3.292035623177249
33,PQ,8,8,-0.8373252630769137,Mnist,-348956.2506756593,True,-1.2854471261979887
34,PQ,8,8,-0.8970805450912362,Mnist,-2817252.8099135384,True,-106.251802297812
35,PQ,8,8,-0.8238728569711452,Mnist,1539178.1792989417,True,-2.2017267636558007
36,PQ,8,8,-0.8110816335413455,Mnist,-76498.9678315605,True,-0.6416484241366045
37,PQ,8,8,-0.8918262866689303,Mnist,-924130.7136215747,True,39.49496026568384
38,PQ,8,8,-0.8901590519265303,Mnist,-529842.3059340599,True,3.7016421969589577
39,PQ,8,8,-0.9111027980042823,Mnist,-398499.3136249374,True,-2.728111372168354
40,PQ,8,8,-0.9209323545393073,Mnist,-2116477.7163574477,True,-2.1346929204577916
41,PQ,8,8,-0.8778119129663549,Mnist,1645220.756886716,True,-3.822008435978546
42,PQ,8,8,-0.8832087259436397,Mnist,-317661.8626145867,True,-0.5749093870137236
43,PQ,8,8,-0.8676859467698718,Mnist,1604896.4279648834,True,5.22314223501286
44,PQ,8,8,-0.854493337967863,Mnist,-380228.0354848425,True,-2.9130721845779446
45,PQ,8,8,-0.8232834065670565,Mnist,-992090.1470706321,True,0.5467305893888295
46,PQ,8,8,-0.8674777734713889,Mnist,-1243945.1266285332,True,-2.3784518694679493
47,PQ,8,8,-0.8778384398960181,Mnist,1387237.7092168648,True,-1.351495731510926
48,PQ,8,8,-0.9242055496715513,Mnist,518514.96242686466,True,-0.6295377070265546
49,PQ,8,8,-0.8632472282272418,Mnist,-276256.2094570013,True,-3.3975775526020033
50,PQ,8,8,-0.8587798605611806,Mnist,547899.3462967952,True,-0.4156435854250516
51,PQ,8,8,-0.7946112690068612,Mnist,940390.1200036176,True,-1.1217042948440465
52,PQ,8,8,-0.8178685941743432,Mnist,29935.12374555762,True,-3.8565607665940695
53,PQ,8,8,-0.8653988854598991,Mnist,-355795.63341814943,True,-9.7494609936664
54,PQ,8,8,-0.7589185980847378,Mnist,822659.3075311513,True,-0.6184123560550747
55,PQ,8,8,-0.8522924800729103,Mnist,483564.70080873446,True,-4.8612168178882005
56,PQ,8,8,-0.9032865349115274,Mnist,-78894.25750267753,True,-1.9555490775380695
57,PQ,8,8,-0.9120707060534471,Mnist,1738763.1975105726,True,-7.3508787780479
58,PQ,8,8,-0.8991173385186018,Mnist,-2102662.382169936,True,18.053303114912055
59,PQ,8,8,-0.8815785420418233,Mnist,215245.1905824999,True,-1.5444388517462204
60,PQ,8,8,-0.8614620091007661,Mnist,156861.1533647892,True,6.812744393836427
61,PQ,8,8,-0.8254371599801994,Mnist,-1725608.2834347775,True,-1.4803549235773072
62,PQ,8,8,-0.8449064121849045,Mnist,940012.9749789005,True,-4.8639969926941236
63,PQ,8,8,-0.8121504469933022,Mnist,-3391499.514771905,True,-3.495713367610146
64,PQ,8,8,-0.8202854512701648,Mnist,-918527.6626462531,True,-5.959056245329243
65,PQ,8,8,-0.8691959623343595,Mnist,498729.63550807006,True,-0.8366580299809213
66,PQ,8,8,-0.7864723901657833,Mnist,-418819.69144469,True,-1.697156825912445
67,PQ,8,8,-0.8202862895370672,Mnist,118491.00755781814,True,-3.5886179371057274
68,PQ,8,8,-0.9069927132971476,Mnist,1039467.2417476781,True,-2.6606582736635276
69,PQ,8,8,-0.7801772458074119,Mnist,-536350.7596653167,True,-2.575046415408697
70,PQ,8,8,-0.8448452556422966,Mnist,-116753.89284462109,True,-2.6562133465496043
71,PQ,8,8,-0.906198274792233,Mnist,-324227.9856781976,True,-5.227308470281885
72,PQ,8,8,-0.8300588657401636,Mnist,-658115.9457511882,True,-4.108034482457816
73,PQ,8,8,-0.898755311849428,Mnist,-1586306.4465478812,True,-1.3472876756341055
74,PQ,8,8,-0.8954823611603314,Mnist,-195783.04492736375,True,-3.598223146885169
75,PQ,8,8,-0.8753710352140929,Mnist,-806832.5276394903,True,-3.022281975852736
76,PQ,8,8,-0.8919135745472359,Mnist,1188578.7019462173,True,-1.7321932533602507
77,PQ,8,8,-0.8632009533509736,Mnist,-1824684.9423003038,True,-4.528281126059699
78,PQ,8,8,-0.9060902364316888,Mnist,-2382066.4580669114,True,-2.8121833580993103
79,PQ,8,8,-0.8714074815377019,Mnist,-1599539.9730516244,True,-2.376133044428461
80,PQ,8,8,-0.8640845586163646,Mnist,1194303.9010669587,True,-1.024191954661343
81,PQ,8,8,-0.8691392625774,Mnist,-1080019.2172517604,True,0.6273965073691085
82,PQ,8,8,-0.8612555195290835,Mnist,641776.4663586577,True,-1.0244133653590644
83,PQ,8,8,-0.8812277735838637,Mnist,-548464.4530445854,True,-4.975161892897237
84,PQ,8,8,-0.7786466684855642,Mnist,-533953.5880673383,True,-0.9071240013003147
85,PQ,8,8,-0.8848775612636366,Mnist,1679971.202412219,True,-0.47539635402704383
86,PQ,8,8,-0.9041574672859578,Mnist,-1635029.2346558487,True,-1.9794144440773296
87,PQ,8,8,-0.8767908634927672,Mnist,-1030079.8378274078,True,-2.3801490289871396
88,PQ,8,8,-0.8666898402402834,Mnist,589974.0586568542,True,-1.6353638576670395
89,PQ,8,8,-0.9180614372389798,Mnist,-425369.60985042114,True,-3.659579048511066
90,PQ,8,8,-0.8861070151355099,Mnist,479775.19371513167,True,-1.742268215426762
91,PQ,8,8,-0.8337208258350203,Mnist,-823269.2176321042,True,-3.8572423085799525
92,PQ,8,8,-0.8930344586425846,Mnist,729619.9562011581,True,-2.3582978263587235
93,PQ,8,8,-0.9168254207001495,Mnist,-1094939.6554128947,True,-2.563580302432827
94,PQ,8,8,-0.8849374193329261,Mnist,621878.1594273609,True,-10.514745387806034
95,PQ,8,8,-0.8660136926738706,Mnist,2185726.392201678,True,-1.377284113185443
96,PQ,8,8,-0.8941670037841644,Mnist,100053.72841236403,True,-1.5380828167491314
97,PQ,8,8,-0.8216898271643008,Mnist,-805910.3689468537,True,9.583197594263359
98,PQ,8,8,-0.802805229000927,Mnist,-346187.3708211022,True,0.7488651866636982
99,PQ,8,8,-0.8769734151665748,Mnist,-74011.71409597178,True,-4.506201298927382
100,PQ,8,8,-0.8405162316203976,Mnist,316548.53099362383,True,-1.7878747393709893
101,PQ,8,8,-0.8779139187098017,Mnist,1128945.4791170186,True,-0.17703760440530378
102,PQ,8,8,-0.8108808723644579,Mnist,-1711571.4433580553,True,-3.1250256247134987
103,PQ,8,8,-0.8575441253208353,Mnist,-1068138.9471614931,True,-6.091749085851634
104,PQ,8,8,-0.8577356835459721,Mnist,895030.1022710659,True,-0.3491333618176272
105,PQ,8,8,-0.8867338746629045,Mnist,-956728.7070011538,True,-0.9387112545088054
106,PQ,8,8,-0.856891986991209,Mnist,779837.6441665005,True,-2.323164269839538
107,PQ,8,8,-0.8960048081851391,Mnist,-550921.6099769337,True,-5.032741007616915
108,PQ,8,8,-0.8686425460159407,Mnist,-299314.4168973481,True,-1.5443189120963712
109,PQ,8,8,-0.8327965088057843,Mnist,1305573.739324468,True,-4.592285862436896
110,PQ,8,8,-0.8745271723567619,Mnist,-1788723.2869110615,True,-1.6064418266077742
111,PQ,8,8,-0.9120167859090319,Mnist,625224.8511891793,True,-2.4263634972326953
112,PQ,8,8,-0.8786541194662407,Mnist,-1261323.8604992419,True,-3.4350615497897876
113,PQ,8,8,-0.8850031374519491,Mnist,-324799.47762887273,True,-2.191667859419827
114,PQ,8,8,-0.9049531905792637,Mnist,-967450.7287499788,True,-3.6058403736067843
115,PQ,8,8,-0.8491002035964975,Mnist,17154.790502305666,True,-3.9160341754496306
116,PQ,8,8,-0.8759008041778711,Mnist,421698.30333489535,True,-4.369575289931128
117,PQ,8,8,-0.8624605630287225,Mnist,-1222423.495805128,True,-2.2251327978641084
118,PQ,8,8,-0.8512834214678459,Mnist,773593.2656304941,True,-1.9095882850562604
119,PQ,8,8,-0.8620008678371345,Mnist,-1949199.8449053522,True,-1.6667544811668846
120,PQ,8,8,-0.8990392186096879,Mnist,-260161.65263421746,True,-2.89567002641241
121,PQ,8,8,-0.8533100382085551,Mnist,-99781.13168758419,True,-3.090989234256659
122,PQ,8,8,-0.8848832956004221,Mnist,-1405699.6051451066,True,1.068289965335583
123,PQ,8,8,-0.8228548081647393,Mnist,33759.38314341084,True,0.7016720397851867
124,PQ,8,8,-0.8222410493271807,Mnist,398072.16781294753,True,24.192467474360647
125,PQ,8,8,-0.8265981502624725,Mnist,1534964.2820063836,True,-3.39575296409496
126,PQ,8,8,-0.8187685429235011,Mnist,-1044522.0869315027,True,-6.499667878679642
127,PQ,8,8,-0.8476831115727769,Mnist,601626.985683437,True,-1.6145399319883325
128,PQ,8,8,-0.8512456438401313,Mnist,-446215.364694042,True,-3.289219476755568
129,PQ,8,8,-0.8066614246472872,Mnist,342068.08629484917,True,-0.9074491531114767
130,PQ,8,8,-0.892719815418749,Mnist,-393028.7337748499,True,-2.5426371338784914
131,PQ,8,8,-0.89380993633017,Mnist,691790.4636971075,True,-29.487273741919342
132,PQ,8,8,-0.8933912836990457,Mnist,881427.9564608862,True,-3.7066513049062966
133,PQ,8,8,-0.8630177948539969,Mnist,2301996.2889458267,True,-1.996711379656674
134,PQ,8,8,-0.8407636109207544,Mnist,75103.60904102892,True,-1.9748446731726366
135,PQ,8,8,-0.9044613218606734,Mnist,744114.6833018467,True,-1.114672166436206
136,PQ,8,8,-0.9016602168341733,Mnist,221234.3768657021,True,-1.5808651671254468
137,PQ,8,8,-0.9243487466977819,Mnist,871076.357769685,True,-3.538559593230859
138,PQ,8,8,-0.8567546311445902,Mnist,-2760839.352791132,True,-1.9978027451877969
139,PQ,8,8,-0.901070206707046,Mnist,294367.97454689513,True,-3.0685610994134316
140,PQ,8,8,-0.8342767455097534,Mnist,-3454696.99202363,True,-2.100776274818446
141,PQ,8,8,-0.8281693541239247,Mnist,1856910.2861490748,True,-0.2515971318222294
142,PQ,8,8,-0.84685700775656,Mnist,-805118.7208897218,True,-1.2182751738843742
143,PQ,8,8,-0.9130218678709702,Mnist,1329037.4253403274,True,9.241012221966168
144,PQ,8,8,-0.8891142151647372,Mnist,119787.12917172408,True,0.4997176575746182
145,PQ,8,8,-0.889406532687381,Mnist,-157188.8486201265,True,-1.8363093532042662
146,PQ,8,8,-0.8613552286766797,Mnist,31641.86665421733,True,-2.1425481178848482
147,PQ,8,8,-0.8476211138264313,Mnist,-1559572.4379449864,True,0.4689548066588472
148,PQ,8,8,-0.895298641456426,Mnist,-891082.9519543397,True,-4.9759946913166795
149,PQ,8,8,-0.8765620146083903,Mnist,207511.0875688594,True,-2.277928572590704
150,PQ,8,8,-0.8800067254726361,Mnist,-697183.2240500075,True,2.2558295860778985
151,PQ,8,8,-0.7966943684507063,Mnist,-1307016.19297096,True,-1.8299378566622562
152,PQ,8,8,-0.8283337746424092,Mnist,-1338625.353635987,True,30.554203704887197
153,PQ,8,8,-0.8410361922463695,Mnist,92015.03678607557,True,-2.5040147889720674
154,PQ,8,8,-0.9093789279471448,Mnist,1307492.8730323159,True,-2.0944013842053746
155,PQ,8,8,-0.8214946456280464,Mnist,-1888745.6784053766,True,-1.865935734169446
156,PQ,8,8,-0.8726089245821887,Mnist,-967316.2655951367,True,-2.6505761160735974
157,PQ,8,8,-0.8712525589864455,Mnist,1231287.1875704597,True,-1.207080891855987
158,PQ,8,8,-0.8248570825030671,Mnist,-2297926.0923815854,True,0.5315290051806183
159,PQ,8,8,-0.8734762426831105,Mnist,1545714.363674557,True,-3.2387213980759135
160,PQ,8,8,-0.8595245615727882,Mnist,978930.6518934363,True,-1.325536145472199
161,PQ,8,8,-0.8442306686628545,Mnist,-1967807.179410533,True,8.395847621141025
162,PQ,8,8,-0.9076339144646502,Mnist,1631144.1333028409,True,-3.592165185754402
163,PQ,8,8,-0.844153811518352,Mnist,1191734.3505965946,True,-1.3339409101152806
164,PQ,8,8,-0.8425372083851892,Mnist,240405.7507845757,True,-1.8248428812861608
165,PQ,8,8,-0.89066273193577,Mnist,661146.2140657855,True,-3.4690280597103826
166,PQ,8,8,-0.780825964614163,Mnist,875439.4877871193,True,-0.9505777105629775
167,PQ,8,8,-0.8567959120412273,Mnist,-528937.1930117127,True,-24.839998181344473
168,PQ,8,8,-0.8873245692945859,Mnist,-1935808.0500105834,True,-1.9251444724926408
169,PQ,8,8,-0.8562002447315216,Mnist,887925.7389735603,True,-2.5774916001057218
170,PQ,8,8,-0.8573646566473733,Mnist,1152111.5119083968,True,-1.7088131873616488
171,PQ,8,8,-0.8772651235748959,Mnist,-665940.537186982,True,-3.1597621923618884
172,PQ,8,8,-0.9050823539520464,Mnist,-370360.3169422123,True,-0.8597831138067331
173,PQ,8,8,-0.8469738735962835,Mnist,1730513.655613592,True,-2.766105683217056
174,PQ,8,8,-0.8099634671710033,Mnist,-493905.1167684971,True,-5.377897802914653
175,PQ,8,8,-0.9228912045363128,Mnist,1230901.6786166439,True,1.6364349889844065
176,PQ,8,8,-0.9183476231883373,Mnist,-3388018.533656442,True,-13.240511415148305
177,PQ,8,8,-0.8027936366917946,Mnist,-659781.4601577197,True,-2.762341400960445
178,PQ,8,8,-0.908606902762862,Mnist,1201237.0903781734,True,-0.7576351715420867
179,PQ,8,8,-0.8900158376965867,Mnist,-1142563.7635549533,True,-17.530478585841024
180,PQ,8,8,-0.9112470526444978,Mnist,-1525897.1005853913,True,-1.547186390820602
181,PQ,8,8,-0.8942783027464607,Mnist,-78713.896468572,True,3.0577479444131344
182,PQ,8,8,-0.8388230099174202,Mnist,1440354.2608738781,True,-2.323110777397192
183,PQ,8,8,-0.8592473363698826,Mnist,2380277.718790382,True,-3.055984042991813
184,PQ,8,8,-0.8536285062855387,Mnist,-315472.8588951001,True,2.1950680052675446
185,PQ,8,8,-0.8519606307763351,Mnist,1353791.2535108048,True,-2.7202194725295175
186,PQ,8,8,-0.889037426703509,Mnist,520415.20103324385,True,42.087908045718265
187,PQ,8,8,-0.8607702661741402,Mnist,381948.866016203,True,-3.601096504128742
188,PQ,8,8,-0.8879473257171016,Mnist,261336.41341122502,True,-4.704116361043005
189,PQ,8,8,-0.9015696029303759,Mnist,-1138811.860121835,True,-6.215120647570093
190,PQ,8,8,-0.9215913814838044,Mnist,-181344.86222987258,True,-1.9072816036324647
191,PQ,8,8,-0.8832455983094959,Mnist,-778499.8583122799,True,-3.095109404090403
192,PQ,8,8,-0.8553323191077357,Mnist,421129.4424149742,True,-0.5460689135320421
193,PQ,8,8,-0.8674846277468408,Mnist,620020.4948607718,True,-2.1874477980567884
194,PQ,8,8,-0.9247928306723119,Mnist,499514.42081265844,True,2.8501040776605095
195,PQ,8,8,-0.8978127463307424,Mnist,525512.0909188442,True,9.79150413210296
196,PQ,8,8,-0.9057616259428128,Mnist,-431384.78694170027,True,-0.4955606358812052
197,PQ,8,8,-0.8918949133931561,Mnist,-93744.36056927199,True,0.14639761541532845
198,PQ,8,8,-0.8718867073137245,Mnist,757964.3527964243,True,6.311711418420512
199,PQ,8,8,-0.9060329833445935,Mnist,-1393191.685409614,True,-2.3938936252053415
200,PQ,8,8,-0.9130835498523376,Mnist,869927.0593536703,True,-3.8150374825442577
201,PQ,8,8,-0.8397822032231557,Mnist,294273.69400961045,True,41.07585144076192
202,PQ,8,8,-0.9088906928186011,Mnist,397564.3749801083,True,-1.6664197822632523
203,PQ,8,8,-0.9091014171294178,Mnist,177450.51690608019,True,-3.666521590333283
204,PQ,8,8,-0.9158789150113726,Mnist,737656.7882708511,True,-2.7113221795237576
205,PQ,8,8,-0.8799137645132271,Mnist,1648910.6305511734,True,-0.248183981548037
206,PQ,8,8,-0.8782576927381274,Mnist,215398.6041803449,True,-0.629764867693494
207,PQ,8,8,-0.8027470404541613,Mnist,-280111.4578596149,True,-2.5466490054156723
208,PQ,8,8,-0.8629714270281766,Mnist,-950694.2612777386,True,-1.5132629352972824
209,PQ,8,8,-0.8632880554349147,Mnist,-934191.0276592344,True,-5.234786638847166
210,PQ,8,8,-0.8476881363732076,Mnist,953702.24585787,True,14.383309398407405
211,PQ,8,8,-0.8388475298748908,Mnist,1608627.756618271,True,-3.6625173388087724
212,PQ,8,8,-0.8449879168608022,Mnist,663670.5032948365,True,-2.919026675005872
213,PQ,8,8,-0.9011201527853739,Mnist,-1283044.367199055,True,4.579493203336515
214,PQ,8,8,-0.9137201665365281,Mnist,-1297699.032647091,True,-0.7646204518994
215,PQ,8,8,-0.9162019892744709,Mnist,-38687.4139971633,True,-2.547534687005586
216,PQ,8,8,-0.8660264108958552,Mnist,-744873.2138704548,True,-0.43939834245307324
217,PQ,8,8,-0.8444516117002618,Mnist,-899680.6759788068,True,-4.040241123046224
218,PQ,8,8,-0.871618750156448,Mnist,1398415.3302391006,True,-2.2252794920418464
219,PQ,8,8,-0.818121657476609,Mnist,2597646.780010054,True,-2.8627949740886427
220,PQ,8,8,-0.9062310437373966,Mnist,-642196.533130736,True,4.869861422144427
221,PQ,8,8,-0.8495169490761452,Mnist,-1727149.9863769612,True,-1.9991566994209045
222,PQ,8,8,-0.8888754055692039,Mnist,-619730.156014767,True,-1.5565556219937693
223,PQ,8,8,-0.8873447022765848,Mnist,-3634039.208433685,True,-1.4275667294166383
224,PQ,8,8,-0.9147917656495788,Mnist,-821426.8539930404,True,-1.4681130174367567
225,PQ,8,8,-0.8312134838157236,Mnist,779567.8907036978,True,-2.239288967466762
226,PQ,8,8,-0.8774054180895008,Mnist,-282245.3907836344,True,-1.1883602429821722
227,PQ,8,8,-0.8536174069032226,Mnist,-1452496.2407734194,True,-3.201478972578434
228,PQ,8,8,-0.906369879579464,Mnist,-472048.2082748845,True,-6.478470323265246
229,PQ,8,8,-0.9101026112303583,Mnist,31083.28112788705,True,-0.5709933417329289
230,PQ,8,8,-0.8657188207409504,Mnist,-1654194.0154437975,True,-2.501747062628575
231,PQ,8,8,-0.8999349069463193,Mnist,500750.1514672664,True,-1.9535077436918706
232,PQ,8,8,-0.8931823874866139,Mnist,5964968.045006316,True,-0.9281615806855413
233,PQ,8,8,-0.8912590370594278,Mnist,-2041687.1294128683,True,-0.031009801005768018
234,PQ,8,8,-0.8801937094975665,Mnist,-650986.1264862171,True,-3.2551533854497587
235,PQ,8,8,-0.8473679771767568,Mnist,810600.9483077438,True,-1.9827844293043282
236,PQ,8,8,-0.7780444144181836,Mnist,-2783747.742026049,True,-0.6280700802801924
237,PQ,8,8,-0.8805880421165256,Mnist,-1359045.0737364562,True,-3.354805847122787
238,PQ,8,8,-0.8858142615381575,Mnist,-461941.34127875755,True,-2.5897958740608544
239,PQ,8,8,-0.9042647752020738,Mnist,993868.7975457839,True,-1.5456711858866121
240,PQ,8,8,-0.8854545932524336,Mnist,694328.9441984477,True,-3.968578928644161
241,PQ,8,8,-0.8865785022627017,Mnist,-278969.93261310697,True,-3.297124202043648
242,PQ,8,8,-0.8707564993646262,Mnist,359785.21853428823,True,-2.2442078137367107
243,PQ,8,8,-0.8540173443230293,Mnist,-2215710.703189737,True,-1.5513834286707457
244,PQ,8,8,-0.8730229195346008,Mnist,-1312531.8702537382,True,-4.282219233333742
245,PQ,8,8,-0.7763530313070498,Mnist,582037.1648035132,True,-6.650702582936246
246,PQ,8,8,-0.8203815855737356,Mnist,-602730.7450710295,True,-5.415453808037263
247,PQ,8,8,-0.8417489816105106,Mnist,179221.61412575922,True,-1.8604102588857208
248,PQ,8,8,-0.8954022719840098,Mnist,-1144284.515108371,True,-3.5626731208900475
249,PQ,8,8,-0.8829767848891695,Mnist,1575319.630152771,True,-1.4099919294751144
250,PQ,8,8,-0.9030352181949359,Mnist,686989.71820142,True,-10.748031339504351
251,PQ,8,8,-0.8956190965384335,Mnist,-1785414.3320618705,True,-1.3582901045193303
252,PQ,8,8,-0.8941771345145972,Mnist,1290587.4490403938,True,-3.4114586356957908
253,PQ,8,8,-0.8026725665220458,Mnist,-255896.9161613995,True,-1.370754301402899
254,PQ,8,8,-0.857294158409253,Mnist,2041051.8143635215,True,-1.61007699462961
255,PQ,8,8,-0.8888878089955661,Mnist,-236562.51780584187,True,1.2978462273916798
256,PQ,8,16,-0.9233955546138726,Mnist,-14767.785234716779,True,-1.6421377472918541
257,PQ,8,16,-0.8919977042829677,Mnist,1910724.4646786028,True,-5.631426326541408
258,PQ,8,16,-0.9469542916526777,Mnist,1325049.7948300953,True,2.7757450768473584
259,PQ,8,16,-0.9647641651340675,Mnist,-1723930.421584787,True,2.353501669224741
260,PQ,8,16,-0.9158512760507057,Mnist,237461.81996305997,True,-1.6721850547418309
261,PQ,8,16,-0.9535622022190736,Mnist,-771776.1218910406,True,-2.162403268375629
262,PQ,8,16,-0.9026491111200705,Mnist,-302758.055231773,True,-1.5563371633271437
263,PQ,8,16,-0.9133987115571672,Mnist,-854864.8852648551,True,-2.138832923766445
264,PQ,8,16,-0.8563284209393605,Mnist,-1404536.7146706358,True,-1.6411539167656624
265,PQ,8,16,-0.9320293008471353,Mnist,1474742.282593248,True,-3.0835235043815246
266,PQ,8,16,-0.9442236141046223,Mnist,2852006.093524919,True,-1.5312511377549813
267,PQ,8,16,-0.8643310012097254,Mnist,849086.3901329545,True,-2.1180862373518843
268,PQ,8,16,-0.9466569460698473,Mnist,-60222.3183989985,True,-1.8551337437882116
269,PQ,8,16,-0.9436032883842401,Mnist,-1486478.6203087766,True,-1.3503599089571756
270,PQ,8,16,-0.9398605375551657,Mnist,981872.330669265,True,0.349771554243752
271,PQ,8,16,-0.912482972787227,Mnist,-99721.40674342331,True,-2.6645517476462954
272,PQ,8,16,-0.9403651069722608,Mnist,-298448.20771981275,True,-2.4752113180787845
273,PQ,8,16,-0.9033747500063887,Mnist,121069.16943318397,True,-0.9577602587803972
274,PQ,8,16,-0.8216529062005518,Mnist,1928297.5431567968,True,-9.039882186491152
275,PQ,8,16,-0.9091518592697455,Mnist,584106.1647825773,True,-2.054262736831073
276,PQ,8,16,-0.9465507733943044,Mnist,2119929.7792666485,True,-2.0424218014856277
277,PQ,8,16,-0.9096424269164669,Mnist,1548186.8636011172,True,-0.509034752557007
278,PQ,8,16,-0.8927940259116987,Mnist,816124.0355509743,True,-4.113688423796695
279,PQ,8,16,-0.8593622771512657,Mnist,5096604.578653561,True,-5.2039372707972
280,PQ,8,16,-0.918608083950363,Mnist,835606.7121486902,True,-2.7123101133893606
281,PQ,8,16,-0.928034061386678,Mnist,-669897.3271457606,True,-3.7154987190915
282,PQ,8,16,-0.9001835694726569,Mnist,285569.8916070165,True,-1.108418312043841
283,PQ,8,16,-0.9299739197645897,Mnist,1931125.6622018768,True,-6.332211649158713
284,PQ,8,16,-0.9516851587158753,Mnist,-467876.6989304916,True,1.1359027143622307
285,PQ,8,16,-0.9367022687851868,Mnist,1295293.8999162568,True,-6.010501299193963
286,PQ,8,16,-0.916167291704623,Mnist,-746256.6196885381,True,-2.6488798172452013
287,PQ,8,16,-0.9399077019536343,Mnist,-1911402.092266761,True,-7.9446795967531525
288,PQ,8,16,-0.9179100632743585,Mnist,1272610.4548871822,True,-49.72976409578566
289,PQ,8,16,-0.8937001407734254,Mnist,-1228474.5140252677,True,-0.7548281909205387
290,PQ,8,16,-0.9296211738928948,Mnist,-614710.0801819662,True,-9.26650325690607
291,PQ,8,16,-0.8860613207503587,Mnist,-1017574.7894774762,True,-3.20196420152637
292,PQ,8,16,-0.8907159282203981,Mnist,-3409161.596205298,True,-1.0058978154656042
293,PQ,8,16,-0.9370894068693779,Mnist,-1760618.0258243633,True,-1.460443662917004
294,PQ,8,16,-0.9332590593315554,Mnist,-686724.0440463276,True,0.8445261106861188
295,PQ,8,16,-0.951802392238692,Mnist,-128462.86411264795,True,-1.460425161347904
296,PQ,8,16,-0.9464810662803768,Mnist,1066130.11631813,True,-1.3699245411232375
297,PQ,8,16,-0.9336909997194034,Mnist,-368483.60061125644,True,-0.17159384933091895
298,PQ,8,16,-0.9388292705754323,Mnist,244929.51343254515,True,-11.099985951395137
299,PQ,8,16,-0.9184396851874729,Mnist,-1410289.1961979724,True,-2.164876303735152
300,PQ,8,16,-0.9111830328341886,Mnist,-221191.92388320388,True,-2.5809783823404437
301,PQ,8,16,-0.8779226137047287,Mnist,-2175569.0626447303,True,-1.3478600628822277
302,PQ,8,16,-0.92862542758555,Mnist,-2910791.0753885964,True,-44.3369343788543
303,PQ,8,16,-0.9156598042868944,Mnist,-378637.6536345738,True,-3.914190155682084
304,PQ,8,16,-0.9523447278406015,Mnist,-619492.4990317328,True,-2.4448208654395702
305,PQ,8,16,-0.9139121338979024,Mnist,-1458434.211223754,True,-4.252969663632364
306,PQ,8,16,-0.9069714207526323,Mnist,-1803853.9461706406,True,-6.6622927925205575
307,PQ,8,16,-0.8686008910868938,Mnist,-551990.6420679817,True,-2.4050044302589786
308,PQ,8,16,-0.8923084225932228,Mnist,-1665440.8338846848,True,-1.3221711528864906
309,PQ,8,16,-0.9192944997773363,Mnist,342299.2892823195,True,-11.895110556250188
310,PQ,8,16,-0.8071755092990781,Mnist,-119063.7424166287,True,-4.108510339836838
311,PQ,8,16,-0.9125756194112624,Mnist,1127959.4767354364,True,-1.434192371868408
312,PQ,8,16,-0.9381212958227071,Mnist,1165365.4742888082,True,-2.1827872849230547
313,PQ,8,16,-0.9441598072441417,Mnist,-262849.4776495024,True,-0.22928001804116316
314,PQ,8,16,-0.9423074607684074,Mnist,-53693.5137150166,True,0.5523961950186745
315,PQ,8,16,-0.9261220936871384,Mnist,1720935.8277209587,True,40.82720900962396
316,PQ,8,16,-0.903063168868785,Mnist,665476.0546080576,True,-1.962759544470377
317,PQ,8,16,-0.9021958923109951,Mnist,-939174.1528417552,True,-4.534240349421117
318,PQ,8,16,-0.9156895774686653,Mnist,-4950297.268935191,True,-1.5371667597873673
319,PQ,8,16,-0.8945045474730171,Mnist,-1407700.239537398,True,16.069334949191873
320,PQ,8,16,-0.8644791514891745,Mnist,-275859.8394751337,True,1.845697219383527
321,PQ,8,16,-0.9092173042597549,Mnist,-1507059.2301392,True,2.1113090298358026
322,PQ,8,16,-0.8802451289317051,Mnist,-1516161.061087277,True,-4.363246464037497
323,PQ,8,16,-0.8976170392795189,Mnist,1362005.8609420187,True,-3.511381410548129
324,PQ,8,16,-0.9361165325897245,Mnist,-1298669.8549035466,True,-1.2478741150262065
325,PQ,8,16,-0.8647622075715065,Mnist,-318670.3621822727,True,-2.5506628673449256
326,PQ,8,16,-0.9156754615302138,Mnist,-1129377.2004335523,True,-3.0249982933879407
327,PQ,8,16,-0.9415411947546263,Mnist,-2060203.8042159113,True,-0.7998642413874724
328,PQ,8,16,-0.8799382853439857,Mnist,-1659054.864800665,True,-0.3625096978157882
329,PQ,8,16,-0.9384242387649452,Mnist,-1046404.9165117751,True,-1.7004120954359176
330,PQ,8,16,-0.9397103333922507,Mnist,-971558.0549343859,True,-0.48992892764402796
331,PQ,8,16,-0.9264566903706194,Mnist,-601483.5006583286,True,-2.7975737179549816
332,PQ,8,16,-0.9257714575527181,Mnist,539438.3486794257,True,-3.946466579703666
333,PQ,8,16,-0.9110019265619973,Mnist,900356.1655917916,True,1.4048333802544979
334,PQ,8,16,-0.9443971927231195,Mnist,719705.2100138202,True,3.55307533170938
335,PQ,8,16,-0.9207236012836792,Mnist,-496886.05066435493,True,-0.02455394461038904
336,PQ,8,16,-0.9024305797086507,Mnist,-1133206.3229493983,True,-3.4978351304174295
337,PQ,8,16,-0.9354752677513939,Mnist,-1328099.7245332554,True,-1.722635269200605
338,PQ,8,16,-0.921538756874235,Mnist,1538623.6576025407,True,-2.5256059553546595
339,PQ,8,16,-0.9220104807546053,Mnist,-3076698.289425264,True,393.76326459035806
340,PQ,8,16,-0.8575118383030016,Mnist,-530139.8488165078,True,-9.840034074867372
341,PQ,8,16,-0.9303715824353043,Mnist,-1355170.5410105756,True,-1.2925992897271477
342,PQ,8,16,-0.947711332714727,Mnist,-102392.24225108765,True,-1.944270474629659
343,PQ,8,16,-0.9205876553433633,Mnist,-35511.19405823754,True,-4.238813641798545
344,PQ,8,16,-0.9256104765363103,Mnist,-1485662.7479178486,True,-1.1747606374962474
345,PQ,8,16,-0.9593571889922153,Mnist,-1137162.1208667844,True,-2.0909796321027807
346,PQ,8,16,-0.9340787379106892,Mnist,1474855.2401335167,True,4.2428378892011995
347,PQ,8,16,-0.9227352485358322,Mnist,-1234707.7548669335,True,13.252986068265303
348,PQ,8,16,-0.9298888052730606,Mnist,843806.7378801112,True,-1.6756643878413287
349,PQ,8,16,-0.9517339386730861,Mnist,-14252.16130362195,True,-2.626537069036186
350,PQ,8,16,-0.9425215142651132,Mnist,163524.06612635325,True,-1.7896831121115302
351,PQ,8,16,-0.9100059701266308,Mnist,-308015.6442614026,True,-1.3766186375831495
352,PQ,8,16,-0.9372388175592774,Mnist,2742960.317811897,True,-1.8506683285743843
353,PQ,8,16,-0.8933768829122735,Mnist,406105.9321283349,True,0.006031487560597665
354,PQ,8,16,-0.8903824260754751,Mnist,1535802.2323679978,True,3.0073275149511915
355,PQ,8,16,-0.924557236107143,Mnist,331670.50211688573,True,-2.011928607257495
356,PQ,8,16,-0.904398981328056,Mnist,541812.9541059806,True,-2.0475809650443795
357,PQ,8,16,-0.9314559622754126,Mnist,-830028.0602538745,True,1.1165409516928957
358,PQ,8,16,-0.8765321043209444,Mnist,287653.49615561136,True,-3.4173777073466285
359,PQ,8,16,-0.9128560817114585,Mnist,-291420.2424685679,True,-0.9297297950356816
360,PQ,8,16,-0.9097862385870525,Mnist,-242983.013687102,True,-3.728401549879143
361,PQ,8,16,-0.9298616363964183,Mnist,-539543.1581726042,True,3.2540673617484615
362,PQ,8,16,-0.9198452113234988,Mnist,-339724.1479781624,True,-3.022732517137473
363,PQ,8,16,-0.9439675826839117,Mnist,-695182.7361853065,True,-3.109597818832287
364,PQ,8,16,-0.922453687115351,Mnist,576859.8977274997,True,-1.8271346516907496
365,PQ,8,16,-0.897179237907001,Mnist,-798659.3464418168,True,-1.445923704910839
366,PQ,8,16,-0.9190475977015152,Mnist,-2139347.049747727,True,-2.482967591074351
367,PQ,8,16,-0.9490903679313415,Mnist,1987054.8617565762,True,-4.591826895624424
368,PQ,8,16,-0.9272924284649487,Mnist,293454.26888873876,True,-2.543401439368567
369,PQ,8,16,-0.9393761707938592,Mnist,-51544.832550539315,True,-0.13394955654910712
370,PQ,8,16,-0.9456478182952287,Mnist,702073.1941907302,True,-1.6491855127666748
371,PQ,8,16,-0.9148539050937196,Mnist,-1070730.1303277803,True,2.5033718142117505
372,PQ,8,16,-0.9235064315483151,Mnist,-971620.2732235021,True,-6.397273555693129
373,PQ,8,16,-0.9112528666880847,Mnist,-452917.2965738524,True,-2.619511022050723
374,PQ,8,16,-0.9157850343751769,Mnist,597087.6864072732,True,-2.444118782598906
375,PQ,8,16,-0.9140939102607162,Mnist,125681.32277977286,True,-1.7992215999913848
376,PQ,8,16,-0.9328237289133439,Mnist,-1255843.4137070253,True,-2.075722225083575
377,PQ,8,16,-0.9136822956915243,Mnist,-701391.1260352252,True,2.538333928761257
378,PQ,8,16,-0.9273357834411541,Mnist,-923153.5092259918,True,-0.35208083238473875
379,PQ,8,16,-0.9022451092184566,Mnist,-625162.2082566844,True,1.0841790951537138
380,PQ,8,16,-0.9020012907458328,Mnist,484584.71826558636,True,-1.8447003376798892
381,PQ,8,16,-0.8928184108086955,Mnist,-909825.484611277,True,-41.340296552097534
382,PQ,8,16,-0.8861321771135385,Mnist,-1387960.3051390534,True,-1.0114443754080764
383,PQ,8,16,-0.9092460934432173,Mnist,-450087.9337239561,True,-1.1500208458889796
384,PQ,8,16,-0.9091486753487874,Mnist,-661087.601414039,True,-2.88595294877717
385,PQ,8,16,-0.8825092366130745,Mnist,-441800.5629777813,True,-0.9636551869478189
386,PQ,8,16,-0.9461561799643156,Mnist,-1823867.4437544849,True,-1.5826575447528848
387,PQ,8,16,-0.9461163480037182,Mnist,-49999.5483739865,True,-1.352244811227545
388,PQ,8,16,-0.9399267784692736,Mnist,-460664.6551232942,True,-1.0830587008468355
389,PQ,8,16,-0.9125278169716017,Mnist,-1056373.1269619851,True,-3.0363302277586697
390,PQ,8,16,-0.9071981520869029,Mnist,-3765425.2354754796,True,-0.2890137991977825
391,PQ,8,16,-0.9466756827420322,Mnist,70658.49556473072,True,-2.943259143084612
392,PQ,8,16,-0.9320161837931087,Mnist,-1958805.951935489,True,-10.11183364924572
393,PQ,8,16,-0.9656508912208621,Mnist,1598299.72897612,True,-2.3824016941345976
394,PQ,8,16,-0.9266671425065215,Mnist,1204202.1933288653,True,-0.4201473946684588
395,PQ,8,16,-0.9422318848198602,Mnist,1772959.8165252914,True,1.2680631764785715
396,PQ,8,16,-0.8984873482481462,Mnist,317209.2791838344,True,-2.878904470663468
397,PQ,8,16,-0.8833027202962341,Mnist,-1358473.2225600951,True,-4.678041973986872
398,PQ,8,16,-0.8845039710148311,Mnist,1844014.236084904,True,-3.1665225014274823
399,PQ,8,16,-0.9462986460276692,Mnist,-1288434.9292016518,True,-1.7542855070246652
400,PQ,8,16,-0.92584675115831,Mnist,172923.05679106782,True,1.6519519613518203
401,PQ,8,16,-0.9362687946681073,Mnist,744442.8852743594,True,-2.8798635675663538
402,PQ,8,16,-0.9133920382851106,Mnist,337818.034452608,True,0.4376913212925704
403,PQ,8,16,-0.9053201178104284,Mnist,754172.035490075,True,3.8026246537583925
404,PQ,8,16,-0.9339558088910235,Mnist,-256179.6537416064,True,-13.115505679754648
405,PQ,8,16,-0.9062246912049365,Mnist,2013002.8038095068,True,-2.720878764805678
406,PQ,8,16,-0.9246442960450232,Mnist,-779289.9663331191,True,25.62841855222991
407,PQ,8,16,-0.8679425887544172,Mnist,327824.45103530656,True,-0.9766227984221093
408,PQ,8,16,-0.8864741244847385,Mnist,-1203968.3916241068,True,-4.013403416680186
409,PQ,8,16,-0.8802446188323092,Mnist,253493.87226916774,True,0.40457726825233503
410,PQ,8,16,-0.9403415106332975,Mnist,-2658869.140896352,True,-2.4884467097023557
411,PQ,8,16,-0.8876279531493569,Mnist,1447894.1464566984,True,1.3391452167151703
412,PQ,8,16,-0.925465788927706,Mnist,-113373.69594923302,True,-2.9870011633230216
413,PQ,8,16,-0.9145054519968772,Mnist,-766802.065922763,True,-0.019970131504203268
414,PQ,8,16,-0.8514001268582165,Mnist,-1669476.7248701865,True,-2.5218097967648037
415,PQ,8,16,-0.9289667402453593,Mnist,459853.1835433926,True,-3.638861403432225
416,PQ,8,16,-0.9251272486705586,Mnist,243347.56057078025,True,-2.6055651137193987
417,PQ,8,16,-0.940145162223291,Mnist,4011426.3271322283,True,-2.4471752197985306
418,PQ,8,16,-0.9315779647558428,Mnist,-585514.2762712594,True,-16.125257156505015
419,PQ,8,16,-0.9014109086542481,Mnist,-2886114.3785887687,True,-2.107358052059803
420,PQ,8,16,-0.8958214364192404,Mnist,670560.6027418055,True,-1.534634213790118
421,PQ,8,16,-0.9329872358661201,Mnist,654324.9475008432,True,-1.4930733908853897
422,PQ,8,16,-0.8624636429962051,Mnist,1071499.7650489889,True,-2.1602530625365812
423,PQ,8,16,-0.9050022409006006,Mnist,750564.6873336888,True,-1.4427368373527156
424,PQ,8,16,-0.9379223614128706,Mnist,-534275.9353671167,True,-0.9967977148379003
425,PQ,8,16,-0.9148275565361274,Mnist,592626.7373652082,True,3.9461534920991688
426,PQ,8,16,-0.8974468984751953,Mnist,-769545.3548627124,True,-15.01761546167566
427,PQ,8,16,-0.9273112690085861,Mnist,-218412.99123583242,True,-2.5275523175190453
428,PQ,8,16,-0.9378963646330618,Mnist,-1644725.7874871967,True,-0.9275576010914498
429,PQ,8,16,-0.8997450870015434,Mnist,-5193.16240106945,True,0.33336056095107547
430,PQ,8,16,-0.900635000798165,Mnist,-1027211.503493982,True,5.711219665810486
431,PQ,8,16,-0.9436825541142846,Mnist,-2644742.4280926916,True,12.567761157698424
432,PQ,8,16,-0.9467245965698708,Mnist,794033.5754672008,True,-1.5669404718299749
433,PQ,8,16,-0.8766821044302744,Mnist,-97833.7577291702,True,-0.25864118449408535
434,PQ,8,16,-0.9428175175751159,Mnist,25401.927298179304,True,-0.8246329297851862
435,PQ,8,16,-0.9176794876889446,Mnist,279903.16399130574,True,3.2115242685690246
436,PQ,8,16,-0.9410263888324605,Mnist,2067773.6380693559,True,0.16508216009484006
437,PQ,8,16,-0.9264623187665482,Mnist,409317.3237029345,True,-2.6905066060142833
438,PQ,8,16,-0.9087863598550006,Mnist,-1695225.2795509752,True,-1.2561510118019332
439,PQ,8,16,-0.9146048736380212,Mnist,-1040121.6817460307,True,-3.0893658925587832
440,PQ,8,16,-0.8858451777630967,Mnist,-178952.71160376264,True,-1.8104788716361413
441,PQ,8,16,-0.9295094761116176,Mnist,261263.69213043957,True,-1.8335398969743257
442,PQ,8,16,-0.9258747498661507,Mnist,259147.59312466503,True,-1.0599698554822787
443,PQ,8,16,-0.9174577238823789,Mnist,-219288.73760615796,True,1.081079828236573
444,PQ,8,16,-0.9331244008344101,Mnist,2251964.570650897,True,-2.799195978915435
445,PQ,8,16,-0.9387047689740019,Mnist,-41402.783150548465,True,-3.6330286941665637
446,PQ,8,16,-0.9630979948351027,Mnist,2090905.1163279982,True,-2.4067234707412695
447,PQ,8,16,-0.9344876456051731,Mnist,1406056.0094487178,True,-17.225493523182156
448,PQ,8,16,-0.918021544056035,Mnist,-1256811.9370287722,True,-2.3508463375278263
449,PQ,8,16,-0.9207461122297496,Mnist,-200579.36524665306,True,-4.144610214446526
450,PQ,8,16,-0.954935741692899,Mnist,-499375.77818195,True,-1.4949093993647176
451,PQ,8,16,-0.9297172509311923,Mnist,-183609.3570468059,True,-2.2154821688550816
452,PQ,8,16,-0.9498815485000077,Mnist,-1544697.6497791351,True,-4.198707556250571
453,PQ,8,16,-0.9419049753430431,Mnist,-4045021.109791252,True,-1.513979375989788
454,PQ,8,16,-0.9185569319661316,Mnist,365520.44058001746,True,-1.3668352101222416
455,PQ,8,16,-0.9489590404541349,Mnist,-179645.3089923011,True,-2.4559441432096585
456,PQ,8,16,-0.9409260654363469,Mnist,-1191163.7808155818,True,-6.610047962616535
457,PQ,8,16,-0.8991118643046331,Mnist,-334215.2330194764,True,-1.1547511153217824
458,PQ,8,16,-0.947645733465807,Mnist,370663.43409089587,True,-2.4560704343487463
459,PQ,8,16,-0.9429702032546896,Mnist,2976086.624562389,True,-6.114691895353597
460,PQ,8,16,-0.9484488676203472,Mnist,-1935306.8589652826,True,-4.552112894469391
461,PQ,8,16,-0.9173592002159066,Mnist,1334820.610230023,True,-2.5063106489872844
462,PQ,8,16,-0.9378814260277603,Mnist,-622313.4695511085,True,-1.9054483099943733
463,PQ,8,16,-0.887489308220691,Mnist,-1266145.2175155848,True,-6.802300265975284
464,PQ,8,16,-0.9225678186425765,Mnist,1186910.7504733764,True,-3.8594005401270324
465,PQ,8,16,-0.9218869451398075,Mnist,91866.91435487824,True,-2.6120722490781456
466,PQ,8,16,-0.9026027611675094,Mnist,-2922351.3336929576,True,-2.4211374439264737
467,PQ,8,16,-0.88819907800235,Mnist,1051421.4061208167,True,-3.6077929382788927
468,PQ,8,16,-0.8969164087787201,Mnist,-1392376.4422581622,True,-1.4467992589718979
469,PQ,8,16,-0.9401535204927122,Mnist,-1373721.6596066242,True,-2.078481427854233
470,PQ,8,16,-0.9541523778020544,Mnist,52607.36228772835,True,-2.180356154933493
471,PQ,8,16,-0.9547551851642222,Mnist,734499.2609070729,True,-2.4210083002600022
472,PQ,8,16,-0.9161411788277916,Mnist,775915.5987395615,True,-1.9587211335058738
473,PQ,8,16,-0.90565528355159,Mnist,92222.73911019124,True,0.8723093878375907
474,PQ,8,16,-0.9116732568831638,Mnist,3050329.8136225063,True,51.798811339484494
475,PQ,8,16,-0.8902712785439535,Mnist,833347.6702566012,True,48.115764128026676
476,PQ,8,16,-0.9426653338399177,Mnist,2182094.1031987946,True,-1.4856206131213505
477,PQ,8,16,-0.8940201884116116,Mnist,860366.1864504609,True,2.287998710976816
478,PQ,8,16,-0.9108305980856444,Mnist,614913.3762726195,True,0.2641517095180353
479,PQ,8,16,-0.9319368592712567,Mnist,38892.325009806606,True,-0.9511413769937458
480,PQ,8,16,-0.9407041382133938,Mnist,2274808.171282335,True,-3.0496604902027147
481,PQ,8,16,-0.9032097265094335,Mnist,1008754.9333479132,True,-1.386858322059196
482,PQ,8,16,-0.9140052407003405,Mnist,-440311.3338137502,True,-1.7023751407212604
483,PQ,8,16,-0.9050334672106652,Mnist,1896974.5124419688,True,0.7530866450300377
484,PQ,8,16,-0.9486405729100034,Mnist,-238885.84129460738,True,16.959532440542098
485,PQ,8,16,-0.943095595984921,Mnist,-1916698.381939061,True,-1.172238010163158
486,PQ,8,16,-0.9223503295639481,Mnist,-1031073.5232184043,True,-1.839970246279995
487,PQ,8,16,-0.9359137868635288,Mnist,1215400.2804392064,True,-3.0225810990275503
488,PQ,8,16,-0.9260881647655255,Mnist,214123.09853556304,True,-1.3438829447743055
489,PQ,8,16,-0.9302807845081856,Mnist,-3786238.256426396,True,-4.260548733019181
490,PQ,8,16,-0.9310738859945483,Mnist,-75573.32344533873,True,-4.306812127264007
491,PQ,8,16,-0.9185024346955655,Mnist,1297830.8451075538,True,-1.3712674563397964
492,PQ,8,16,-0.8676057017300857,Mnist,-396321.9107091222,True,-2.9001372235533656
493,PQ,8,16,-0.9256545251999658,Mnist,-746489.1005062594,True,-2.1820464509561956
494,PQ,8,16,-0.9388910838667995,Mnist,-155425.09801091172,True,-1.5077002502071064
495,PQ,8,16,-0.9431685537033639,Mnist,-752821.6591152082,True,-3.3404902229766167
496,PQ,8,16,-0.9183597456207065,Mnist,1236615.6224821843,True,-9.352678088773693
497,PQ,8,16,-0.9137235225710612,Mnist,-955698.3917137308,True,0.3389615795177486
498,PQ,8,16,-0.9320281284600207,Mnist,-580084.9179799819,True,-29.38122514231997
499,PQ,8,16,-0.9128235537629092,Mnist,-35359.525776557624,True,-0.9700621568194128
500,PQ,8,16,-0.9200746489503234,Mnist,-484807.1967058234,True,-41.94233462051803
501,PQ,8,16,-0.8873370258425557,Mnist,848388.5509676177,True,-2.749549736450814
502,PQ,8,16,-0.8775866913268094,Mnist,-2412767.5815917253,True,-1.7481142429347556
503,PQ,8,16,-0.8975639540089385,Mnist,730942.1497461309,True,-3.2415759676050646
504,PQ,8,16,-0.9421171379762415,Mnist,-668388.9047498468,True,-10.416816891777016
505,PQ,8,16,-0.9448736206222037,Mnist,-1018523.0469574269,True,-3.0035921810183273
506,PQ,8,16,-0.9448285969770694,Mnist,-286463.8905135613,True,-1.7319568923722464
507,PQ,8,16,-0.9367040729518763,Mnist,-64722.225340134435,True,10.213034749215668
508,PQ,8,16,-0.9429602372412601,Mnist,1316355.7364358234,True,-49.220204578838306
509,PQ,8,16,-0.8662630556958533,Mnist,-719303.9234735492,True,-1.4922499067863342
510,PQ,8,16,-0.921852044067467,Mnist,-454813.8262221424,True,5.573679286582216
511,PQ,8,16,-0.9455105986351431,Mnist,-1717874.5809972615,True,-6.743026732227727
512,PQ,8,32,-0.9656910548394083,Mnist,930362.1095703737,True,-3.6795695818607164
513,PQ,8,32,-0.922218637860072,Mnist,-415695.1577426663,True,-3.788233414779099
514,PQ,8,32,-0.9712668694958793,Mnist,2041279.2084915736,True,-3.831266391405898
515,PQ,8,32,-0.9803199485985702,Mnist,28195.07898791664,True,-0.9238111213518992
516,PQ,8,32,-0.9601201390822393,Mnist,347233.54634988256,True,-5.78662569873332
517,PQ,8,32,-0.9747345515558894,Mnist,549117.9304132427,True,0.76403738659124
518,PQ,8,32,-0.9480771192680244,Mnist,116569.55265699656,True,-9.874761164988035
519,PQ,8,32,-0.947896121882688,Mnist,1079577.672572815,True,30.40024526326299
520,PQ,8,32,-0.8911003922548302,Mnist,1081867.0082962606,True,-7.914011745769923
521,PQ,8,32,-0.9636234128590951,Mnist,-965715.8057494182,True,-2.4660043227489616
522,PQ,8,32,-0.965320475972076,Mnist,-1737865.3882708082,True,-0.906726963850941
523,PQ,8,32,-0.9105081773532681,Mnist,-2030726.6723950375,True,-2.876731333921842
524,PQ,8,32,-0.9691428090543711,Mnist,763899.9843079011,True,-0.7340223630478091
525,PQ,8,32,-0.9694384275860195,Mnist,2575776.979525414,True,-0.7690521283375198
526,PQ,8,32,-0.9712877088005186,Mnist,-1210868.6072976165,True,-0.4378190113050273
527,PQ,8,32,-0.9371233681190771,Mnist,-1446422.5161629808,True,-1.6572795911928306
528,PQ,8,32,-0.9622231090576994,Mnist,-792488.7865303457,True,-12.617476528050696
529,PQ,8,32,-0.9467052850303838,Mnist,101218.57336226612,True,2.2774197407136074
530,PQ,8,32,-0.8451980365844294,Mnist,78562.26086268493,True,-2.9155856034461616
531,PQ,8,32,-0.9528407867433857,Mnist,630808.4390874637,True,-3.640766024530989
532,PQ,8,32,-0.9753282566670421,Mnist,840351.2854639813,True,-2.897920587006552
533,PQ,8,32,-0.9608539232893386,Mnist,982513.5094374001,True,-1.386052959156461
534,PQ,8,32,-0.9223050097013302,Mnist,800937.0072188791,True,-4.583050372370265
535,PQ,8,32,-0.8852375264355395,Mnist,113877.44375855493,True,-0.6987783260949635
536,PQ,8,32,-0.9591567515472615,Mnist,763102.3081955393,True,-2.124074473841428
537,PQ,8,32,-0.9490630628305918,Mnist,-1422786.8734918549,True,-2.473591863459936
538,PQ,8,32,-0.9469771167618852,Mnist,-1692356.33739514,True,-1.7709082378127219
539,PQ,8,32,-0.9653708056360736,Mnist,631851.4824873615,True,-12.268253610979212
540,PQ,8,32,-0.9764166565455832,Mnist,1358881.3930495172,True,2.2569545757009846
541,PQ,8,32,-0.9675417195138591,Mnist,1910764.9551967625,True,-1.5632839238622114
542,PQ,8,32,-0.9496276759897339,Mnist,4802296.437469294,True,-1.5609527050342702
543,PQ,8,32,-0.9670222953591253,Mnist,264515.407000045,True,-0.5434967898425914
544,PQ,8,32,-0.9469064635074256,Mnist,-221279.43134654115,True,-6.752366802712023
545,PQ,8,32,-0.9271733987042728,Mnist,1714199.7929605816,True,-2.543365005311375
546,PQ,8,32,-0.9694088058597382,Mnist,-968448.6593599607,True,-1.620512771201448
547,PQ,8,32,-0.9296320760673538,Mnist,-511176.87009898387,True,-8.602844710759934
548,PQ,8,32,-0.9320756346571982,Mnist,1493121.3355677128,True,1.1650361115309666
549,PQ,8,32,-0.9703414318396836,Mnist,-2246492.7044251426,True,-3.636483292964334
550,PQ,8,32,-0.9580307732951284,Mnist,-1221479.226198,True,-3.8209389528258093
551,PQ,8,32,-0.9761244556503164,Mnist,1776990.1365049277,True,-4.162646904438535
552,PQ,8,32,-0.9691041874453411,Mnist,922139.3893442678,True,-3.7396090197285035
553,PQ,8,32,-0.9619111099355085,Mnist,35493.27859343792,True,-1.8241362213435623
554,PQ,8,32,-0.9659110242259532,Mnist,106861.52319555613,True,-4.80885173158845
555,PQ,8,32,-0.9478295435545767,Mnist,125746.31682898884,True,-3.0553192872042643
556,PQ,8,32,-0.9421622539211408,Mnist,-2966927.4747772748,True,1.1141111823574716
557,PQ,8,32,-0.9363338772266832,Mnist,-1891504.1503229977,True,-1.8904067460492209
558,PQ,8,32,-0.9624702930960464,Mnist,2041867.9750019247,True,-3.087423191075936
559,PQ,8,32,-0.9539485756210249,Mnist,2714885.5117240455,True,-1.9253023510972098
560,PQ,8,32,-0.9749895339168495,Mnist,-731685.8232780381,True,-0.8159353113358819
561,PQ,8,32,-0.9506306880680984,Mnist,-626515.2040442551,True,-4.803919211906788
562,PQ,8,32,-0.9614285843778323,Mnist,1133561.898733785,True,-2.519458736084689
563,PQ,8,32,-0.894777987972033,Mnist,1550712.8499037286,True,-0.9235718846978332
564,PQ,8,32,-0.9316278016000119,Mnist,1349617.2265188617,True,-0.7091659445991869
565,PQ,8,32,-0.9530436945717823,Mnist,696699.969460512,True,-0.5672941113542095
566,PQ,8,32,-0.8451234274620069,Mnist,-2381965.119330107,True,-7.77795384457415
567,PQ,8,32,-0.9616276146295717,Mnist,934116.1050793547,True,-2.4485397328296483
568,PQ,8,32,-0.9639261502673729,Mnist,534424.4282890074,True,-2.7472286312550147
569,PQ,8,32,-0.9695097025665218,Mnist,-1308442.5549213719,True,5.298658506407548
570,PQ,8,32,-0.9657922855309866,Mnist,2330829.567507619,True,-3.164173245380084
571,PQ,8,32,-0.9539759474407581,Mnist,1135034.7017098109,True,-4.1501252954545595
572,PQ,8,32,-0.9424359797459807,Mnist,-172360.8102755337,True,-1.449562662089341
573,PQ,8,32,-0.9352927734774313,Mnist,-720472.3437837582,True,-1.5599563879171883
574,PQ,8,32,-0.9505097318809085,Mnist,874770.8238801061,True,-2.795103001721683
575,PQ,8,32,-0.9272149559766796,Mnist,1216022.317765343,True,-5.2071033330921574
576,PQ,8,32,-0.9255077099319435,Mnist,840888.8623944139,True,-1.6277953970619128
577,PQ,8,32,-0.9468689666944756,Mnist,513454.2152216899,True,1.8350978112699499
578,PQ,8,32,-0.9177817992347236,Mnist,559955.2544628483,True,-1.8943494620210826
579,PQ,8,32,-0.9332938335324801,Mnist,-420532.9771963172,True,-0.8730389213520288
580,PQ,8,32,-0.9628414455894987,Mnist,-551153.0713964758,True,7.004118239973435
581,PQ,8,32,-0.9016860496844258,Mnist,271530.9694448365,True,-1.6711376208773574
582,PQ,8,32,-0.9397921261047851,Mnist,1963265.313581083,True,-0.5374781188695316
583,PQ,8,32,-0.9575933871423755,Mnist,1864153.1949415493,True,-0.7663245868228293
584,PQ,8,32,-0.9262649851939913,Mnist,-518093.47537824,True,-3.6348086480263757
585,PQ,8,32,-0.9674282503826391,Mnist,298166.897849462,True,-3.1505261269896843
586,PQ,8,32,-0.9707259104294884,Mnist,523091.5275897896,True,0.20786087400939993
587,PQ,8,32,-0.9579809373716328,Mnist,-575616.2637070544,True,0.02579265852474626
588,PQ,8,32,-0.964800448850134,Mnist,-939650.195171245,True,-1.1012144408374571
589,PQ,8,32,-0.942934563652391,Mnist,-846792.1433610416,True,8.413258164058886
590,PQ,8,32,-0.9659802244545542,Mnist,3259556.2018527593,True,-3.4316654819749814
591,PQ,8,32,-0.9655154674779916,Mnist,-900172.0376075499,True,-4.662046464839863
592,PQ,8,32,-0.9569180809623968,Mnist,-168847.45220069354,True,-4.167522825837953
593,PQ,8,32,-0.9643842908799024,Mnist,840597.8384417561,True,7.239689536863925
594,PQ,8,32,-0.9548678042999376,Mnist,-1468591.8681356716,True,8.885793531033002
595,PQ,8,32,-0.9607401559457328,Mnist,-3641375.863979169,True,-1.4908269070018052
596,PQ,8,32,-0.9018985276499094,Mnist,-126397.51747928304,True,0.8636407820660011
597,PQ,8,32,-0.9565371396045661,Mnist,2145001.0581383714,True,-1.8282192620825048
598,PQ,8,32,-0.975296173848045,Mnist,-1360445.719280394,True,-2.772772701566298
599,PQ,8,32,-0.9460719564385237,Mnist,-1576037.041661916,True,-7.348485392935752
600,PQ,8,32,-0.9470247134450124,Mnist,925355.1782198064,True,-2.4803549153126325
601,PQ,8,32,-0.9766258404765915,Mnist,330004.3161068307,True,16.293617908900675
602,PQ,8,32,-0.9662810019802813,Mnist,1215662.9934296878,True,-5.717529835468997
603,PQ,8,32,-0.9582688867758512,Mnist,-1072799.9943873938,True,-0.8938356588160171
604,PQ,8,32,-0.9549655758823937,Mnist,-321158.2267047508,True,-2.915944915113923
605,PQ,8,32,-0.970090294465078,Mnist,-1088601.9104805437,True,-2.2810298084459824
606,PQ,8,32,-0.9725276766762779,Mnist,3119536.3106377795,True,-0.6043320703614496
607,PQ,8,32,-0.939811891295564,Mnist,-635177.7545707992,True,-1.8353468907637018
608,PQ,8,32,-0.9644715222021026,Mnist,-820410.0584645767,True,-2.729906949085511
609,PQ,8,32,-0.9364354144351573,Mnist,-1496942.2431290867,True,-3.845765553730688
610,PQ,8,32,-0.9477244856797656,Mnist,326355.97148501966,True,-3.0824931932993933
611,PQ,8,32,-0.9613714244831951,Mnist,-357749.1676509978,True,3.567406983224723
612,PQ,8,32,-0.9450440590539624,Mnist,1703275.8414790258,True,4.207966270175656
613,PQ,8,32,-0.9626778446240023,Mnist,394835.131693679,True,0.670167424282836
614,PQ,8,32,-0.9149451445705944,Mnist,-231401.74013540626,True,-1.887306900139708
615,PQ,8,32,-0.9468910987174345,Mnist,-1546844.153342084,True,-2.4918562088764937
616,PQ,8,32,-0.9408521022735359,Mnist,-2347984.902376782,True,-0.6007227943559956
617,PQ,8,32,-0.9596632733978857,Mnist,236302.6658436736,True,-3.2018972263078966
618,PQ,8,32,-0.9444196319507996,Mnist,-337830.6757622205,True,-3.7409811067926593
619,PQ,8,32,-0.9663080750634375,Mnist,-1242207.6602195748,True,0.7236019133310844
620,PQ,8,32,-0.9629054801334991,Mnist,-1413208.581937162,True,4.279691886011984
621,PQ,8,32,-0.9447661997354972,Mnist,1728279.0332730787,True,-3.0646222552307276
622,PQ,8,32,-0.9459098227731203,Mnist,650112.801382914,True,-4.019487206814675
623,PQ,8,32,-0.9702575334507715,Mnist,-397578.7633350028,True,-4.527127572334431
624,PQ,8,32,-0.9539235031984599,Mnist,2736384.360984885,True,-1.2782663292614445
625,PQ,8,32,-0.9662802780968466,Mnist,376133.75283026835,True,-6.127302105077013
626,PQ,8,32,-0.9656297514138652,Mnist,-248820.15511524916,True,-3.315019412990869
627,PQ,8,32,-0.9449549613474625,Mnist,947106.0866287823,True,1.2067685949829259
628,PQ,8,32,-0.9531842221094365,Mnist,-888302.5036618905,True,-32.10024698665534
629,PQ,8,32,-0.9450129871434189,Mnist,448525.31600223505,True,0.19229572768239983
630,PQ,8,32,-0.9486905755617282,Mnist,672551.4572401473,True,-1.9699603616254757
631,PQ,8,32,-0.9466467446161378,Mnist,1204400.7985174719,True,-1.6674690006929065
632,PQ,8,32,-0.960738687219283,Mnist,-872430.0579348006,True,1.3904034882813736
633,PQ,8,32,-0.9472159400191582,Mnist,672159.7509664791,True,0.6684346035301729
634,PQ,8,32,-0.9545730194507729,Mnist,-2680766.023477587,True,-1.0906285881822997
635,PQ,8,32,-0.9417690502875916,Mnist,-1495821.782415006,True,-1.0460696394965308
636,PQ,8,32,-0.9379339566361105,Mnist,-1692205.9973138208,True,-2.1781819456469202
637,PQ,8,32,-0.9412637986314389,Mnist,-674459.5259549887,True,93.63417423273474
638,PQ,8,32,-0.9144723040476154,Mnist,394115.85138709086,True,-3.1365377720762004
639,PQ,8,32,-0.9327749617445695,Mnist,56704.9792926645,True,-7.529418446437152
640,PQ,8,32,-0.9472854213091011,Mnist,-258220.0106983345,True,-0.9399487858918562
641,PQ,8,32,-0.9148283607982021,Mnist,531109.560998623,True,-2.710938379168551
642,PQ,8,32,-0.9741224434009549,Mnist,730555.9712836005,True,-2.0453171263753602
643,PQ,8,32,-0.9696725658281675,Mnist,-518386.2019336289,True,-1.8164722432418776
644,PQ,8,32,-0.9649051038054454,Mnist,-1485062.3431829768,True,1.6543662424218109
645,PQ,8,32,-0.9548694665817846,Mnist,-511751.8759994652,True,-2.505967931378197
646,PQ,8,32,-0.9385321873723631,Mnist,1715115.2706143865,True,-10.68353827251538
647,PQ,8,32,-0.9742976766392519,Mnist,-711785.5417761267,True,-3.2019755464266613
648,PQ,8,32,-0.9684263592289059,Mnist,-1446639.1692262331,True,-2.6354659138036
649,PQ,8,32,-0.979516133987643,Mnist,-808016.4726222787,True,-1.9026606280571825
650,PQ,8,32,-0.9495106603835677,Mnist,-4630081.1698075775,True,-3.451371473787741
651,PQ,8,32,-0.9683270612829468,Mnist,-1089481.672370003,True,-2.526977809513091
652,PQ,8,32,-0.9418128561301262,Mnist,1305008.5489058974,True,0.5968200413089157
653,PQ,8,32,-0.9336560365416494,Mnist,410939.5566211925,True,-2.209358611462236
654,PQ,8,32,-0.9200137538317011,Mnist,-1953452.8208058828,True,1.6671878555882835
655,PQ,8,32,-0.9710759144194472,Mnist,-70870.88163487648,True,-9.719623040994474
656,PQ,8,32,-0.9655678574089119,Mnist,610545.0651254456,True,-5.01123725786116
657,PQ,8,32,-0.9646906048283246,Mnist,-693491.663828976,True,-1.9491334654440695
658,PQ,8,32,-0.9564060512522173,Mnist,-1289805.572681795,True,-0.5283927378583586
659,PQ,8,32,-0.9484954614187978,Mnist,335357.1124889194,True,-0.0946520890866388
660,PQ,8,32,-0.9667971657863476,Mnist,906004.5493151026,True,-2.548273571940336
661,PQ,8,32,-0.953152083175148,Mnist,852847.8891011735,True,-4.1805558279210535
662,PQ,8,32,-0.9611049089625273,Mnist,1555409.6219445309,True,-0.5312526572170239
663,PQ,8,32,-0.907823242226734,Mnist,1772985.3577418665,True,-0.9637827801861407
664,PQ,8,32,-0.9190036042059289,Mnist,894333.1665033539,True,-4.01906736250406
665,PQ,8,32,-0.951539076587288,Mnist,-2855914.0195663753,True,-1.2486434042832455
666,PQ,8,32,-0.9672803715574326,Mnist,-595511.5581321607,True,-2.163082316091179
667,PQ,8,32,-0.9259785555973117,Mnist,762423.8438112718,True,-19.213945298642976
668,PQ,8,32,-0.9500263819601888,Mnist,-938624.9237793635,True,-3.7579381507663716
669,PQ,8,32,-0.9600247568154185,Mnist,1060892.4545772139,True,-0.25587587621021085
670,PQ,8,32,-0.912574051493539,Mnist,437024.48064628465,True,0.26671803714170395
671,PQ,8,32,-0.9578576280130983,Mnist,-654123.5082711204,True,-5.748815142424003
672,PQ,8,32,-0.9525903961876263,Mnist,-704062.788176961,True,-1.5726788598184167
673,PQ,8,32,-0.9583978447334679,Mnist,1978089.8663469239,True,-0.5746438798785233
674,PQ,8,32,-0.9612644461882218,Mnist,1440758.2580901335,True,4.381453306443393
675,PQ,8,32,-0.9410329464258649,Mnist,-861343.7893945181,True,-2.0544509683436916
676,PQ,8,32,-0.9341408443752722,Mnist,-2129423.060486151,True,0.7202874750284186
677,PQ,8,32,-0.9575650686515004,Mnist,306799.3727702042,True,-3.117174432453843
678,PQ,8,32,-0.9207664421056716,Mnist,-1047138.7215262384,True,-46.22718932385992
679,PQ,8,32,-0.9457266812341508,Mnist,674719.8681087297,True,-1.8511549290827842
680,PQ,8,32,-0.9708975877328849,Mnist,1361780.6396124733,True,-3.9652130633281395
681,PQ,8,32,-0.9587842931290237,Mnist,449883.5605587523,True,-2.199286834352418
682,PQ,8,32,-0.9529372382333777,Mnist,-230114.12422120426,True,-1.9594753188446021
683,PQ,8,32,-0.9673545162955447,Mnist,-2527976.153730739,True,-0.6934467002652092
684,PQ,8,32,-0.9589025457949698,Mnist,1054926.2147576418,True,-1.0126528976715046
685,PQ,8,32,-0.9428244089397673,Mnist,814170.6187433815,True,-1.8730109121130594
686,PQ,8,32,-0.9398665812059533,Mnist,2880021.191690706,True,36.58023489367403
687,PQ,8,32,-0.9665723473204504,Mnist,1719947.2155380668,True,-4.881047900830057
688,PQ,8,32,-0.9699651599660218,Mnist,-237473.8193474136,True,-2.627891725323001
689,PQ,8,32,-0.9336115512798395,Mnist,-1502483.5786614472,True,-2.7803391465199208
690,PQ,8,32,-0.9699865448149865,Mnist,801926.1106599325,True,-0.7414101355943135
691,PQ,8,32,-0.960820659309734,Mnist,203188.4199648377,True,-0.48292877154706937
692,PQ,8,32,-0.9695023429173882,Mnist,-41485.831829918345,True,-1.2155698859062094
693,PQ,8,32,-0.9608483008442587,Mnist,-898817.3679612544,True,3.033502066626368
694,PQ,8,32,-0.9499716433416018,Mnist,-118345.34244073153,True,-1.993832068730576
695,PQ,8,32,-0.9353657467732882,Mnist,296486.3038100059,True,-0.49174608042968126
696,PQ,8,32,-0.9320790372619949,Mnist,1450623.851964898,True,0.8726686501674256
697,PQ,8,32,-0.957772544357499,Mnist,-360306.8399690161,True,-3.6096412747441473
698,PQ,8,32,-0.9528314091045574,Mnist,-1066112.89746047,True,-1.8336333096707949
699,PQ,8,32,-0.961959029064228,Mnist,-109051.21575829192,True,-3.026101672041919
700,PQ,8,32,-0.9569439365649478,Mnist,592705.3991117114,True,-2.3592224140217675
701,PQ,8,32,-0.9647907170045682,Mnist,63323.13649714118,True,-1.9336470365057319
702,PQ,8,32,-0.9799952809777588,Mnist,-1028540.2759872637,True,-2.175294953827908
703,PQ,8,32,-0.9601820668847324,Mnist,341167.0315657238,True,9.525632462786895
704,PQ,8,32,-0.9401549179921757,Mnist,-782611.858957546,True,-3.6856814253650074
705,PQ,8,32,-0.9551622515786232,Mnist,-2370460.0544614224,True,-817.080370136891
706,PQ,8,32,-0.9767225818689123,Mnist,663235.389104903,True,-1.3108325314811593
707,PQ,8,32,-0.9541975484916253,Mnist,769107.2759712384,True,-0.9108704883067497
708,PQ,8,32,-0.9766630651329496,Mnist,1108601.8463843265,True,-1.9937181105061628
709,PQ,8,32,-0.9717335639724269,Mnist,131880.7008086868,True,-1.4936593520423036
710,PQ,8,32,-0.9547572579274011,Mnist,950117.4972464619,True,0.18832475269601803
711,PQ,8,32,-0.9713705983855032,Mnist,-810608.6189852068,True,0.38826336534337763
712,PQ,8,32,-0.9611633253281243,Mnist,-1965537.3268322202,True,-1.795084197297665
713,PQ,8,32,-0.9179324623306656,Mnist,82569.81714100526,True,-2.204630348015311
714,PQ,8,32,-0.9725555104996504,Mnist,-739805.3358830089,True,0.2747219091882642
715,PQ,8,32,-0.9677656696173192,Mnist,762656.9058552515,True,-2.1197059143592596
716,PQ,8,32,-0.9723461895632479,Mnist,-580042.2190399132,True,0.6344278567069223
717,PQ,8,32,-0.9532845448985787,Mnist,1197524.0204279153,True,-2.422689187636341
718,PQ,8,32,-0.9633926200804673,Mnist,-827930.0429011551,True,-4.02588824182575
719,PQ,8,32,-0.9265346614320837,Mnist,455685.1011327867,True,-1.512350670978479
720,PQ,8,32,-0.9559832955256974,Mnist,-2744402.9777326453,True,111.76908420282928
721,PQ,8,32,-0.9533634053335466,Mnist,-1046988.2049425186,True,-1.015286427165255
722,PQ,8,32,-0.9450188744230569,Mnist,-55573.938627333264,True,-2.1764463340716302
723,PQ,8,32,-0.9311807974872477,Mnist,159662.09410911158,True,-5.824991117911554
724,PQ,8,32,-0.937302085460583,Mnist,2212130.466417491,True,-3.4527213465213427
725,PQ,8,32,-0.9646333590502295,Mnist,110866.24075513188,True,-2.095801634184916
726,PQ,8,32,-0.9773001521424157,Mnist,1581878.2832165207,True,-4.639559636392496
727,PQ,8,32,-0.9743774589253661,Mnist,-1153915.1022399939,True,-4.213818289597805
728,PQ,8,32,-0.9488169867838712,Mnist,237460.53250232665,True,2.603685632158053
729,PQ,8,32,-0.930491706476699,Mnist,-2091028.561661149,True,0.21138915940298728
730,PQ,8,32,-0.9554679689383141,Mnist,-893609.8892846404,True,-1.790393546100709
731,PQ,8,32,-0.9233557120545605,Mnist,-2301106.4493422294,True,-4.313690778469711
732,PQ,8,32,-0.9704232785798784,Mnist,-481097.2874261434,True,-2.493108981507332
733,PQ,8,32,-0.9358404428040483,Mnist,123799.66590637856,True,5.581514912667853
734,PQ,8,32,-0.9431819511891685,Mnist,1241197.0273608093,True,-0.880214134208641
735,PQ,8,32,-0.970865380888046,Mnist,-1440099.0601652104,True,-2.3037001083382704
736,PQ,8,32,-0.967962524232409,Mnist,-662331.6564571213,True,-3.699877550230041
737,PQ,8,32,-0.9334430579337849,Mnist,-1019327.48176004,True,-1.7171005723372956
738,PQ,8,32,-0.9505130871846815,Mnist,120636.14273260265,True,-3.0148033611935916
739,PQ,8,32,-0.9369367210873817,Mnist,-1352175.9736515088,True,-1.8612195399533997
740,PQ,8,32,-0.9712041117567198,Mnist,-303254.49607699545,True,-4.339416647457236
741,PQ,8,32,-0.9655326079502622,Mnist,1948286.0042158565,True,0.9355731112919521
742,PQ,8,32,-0.9581824024584229,Mnist,-602841.7833752458,True,-0.7316545161450589
743,PQ,8,32,-0.9587523290244039,Mnist,-1711698.1512655732,True,-2.845367740825301
744,PQ,8,32,-0.9598560113984839,Mnist,-795644.2360492435,True,1.0928690365141902
745,PQ,8,32,-0.963673460206193,Mnist,-338278.19201211375,True,-0.48978874325006616
746,PQ,8,32,-0.9599349780137904,Mnist,676222.5512253157,True,0.668953020398086
747,PQ,8,32,-0.9554553231084365,Mnist,-296625.01823370927,True,-18.690339322493884
748,PQ,8,32,-0.9140309417319856,Mnist,-929096.6420725496,True,-2.8930518020090084
749,PQ,8,32,-0.9669169711101144,Mnist,-153607.16409112618,True,-12.900146953395659
750,PQ,8,32,-0.9626804310230288,Mnist,-1170005.6330064447,True,2.4212871766325694
751,PQ,8,32,-0.970967947291767,Mnist,-211921.4803262758,True,1.138100105105473
752,PQ,8,32,-0.9707367044370132,Mnist,2839107.5917813927,True,2.0953913050155437
753,PQ,8,32,-0.9595097316424156,Mnist,699712.5769787331,True,-2.850974238595408
754,PQ,8,32,-0.9505037381334058,Mnist,-1909944.8156138822,True,-6.1100753809619155
755,PQ,8,32,-0.9406792368689372,Mnist,2028587.7489755352,True,-18.620284299050866
756,PQ,8,32,-0.9465116584653671,Mnist,-908978.532493078,True,-2.300024729465114
757,PQ,8,32,-0.935615403831699,Mnist,-1815852.3353676882,True,-1.6528010188789433
758,PQ,8,32,-0.9021528628787405,Mnist,-905086.7543506289,True,5.041848337274575
759,PQ,8,32,-0.9411822810201711,Mnist,-606249.6964750562,True,-6.341710605716557
760,PQ,8,32,-0.9646799000465083,Mnist,1093352.0621198043,True,-2.4135727029159924
761,PQ,8,32,-0.9708894503365004,Mnist,1600659.4177998267,True,-4.7497458168959
762,PQ,8,32,-0.9723379558524208,Mnist,309300.7096709318,True,-0.8046331568113262
763,PQ,8,32,-0.9642540275322735,Mnist,627872.265472455,True,-1.0880213252560538
764,PQ,8,32,-0.965154612640763,Mnist,-1151508.618092211,True,2.0925383523225514
765,PQ,8,32,-0.9151019464270379,Mnist,1883177.1057603802,True,-2.5650853645014635
766,PQ,8,32,-0.9545598304174978,Mnist,2835435.779739086,True,-1.0467263433629388
767,PQ,8,32,-0.9689009210630823,Mnist,-320760.67014255514,True,-1.5879416514284634
